id,surname,firstname,patronymic,committee,position,party,electorate,district_num,gender,declaration,subventions
8838,Писаренко,Валерій,Володимирович,Комітет з питань правової політики та правосуддя,Член Комітету,Група "Партія "Відродження",Харківська область,168,ч,220 631 466  ,68 096 400  
15810,Молоток,Ігор,Федорович,Комітет з питань бюджету,Голова підкомітету,Група "Воля народу",Сумська область,160,Ч,20 147 527  ,44 100 387  
15774,Різаненко,Павло,Олександрович,Комітет з питань фінансової політики і банківської діяльності,Голова підкомітету,Фракція ПАРТІЇ "БЛОК ПЕТРА ПОРОШЕНКА",Київська область,97,ч,18 486 154  ,39 871 837  
15767,Дирів,Анатолій,Борисович,'Комітет з питань екологічної політики, природокористування та ліквідації наслідків Чорнобильської катастрофи',Перший заступник голови Комітету,Фракція Політичної партії "НАРОДНИЙ ФРОНТ",Івано-Франківська область,86,ч,310 000  ,37 855 424  
17650,Шевченко,Олександр,Леонідович,Комітет з питань бюджету,Член Комітету,Позафракційні,Івано-Франківська область,83,Ч,14 056 072  ,37 606 508  
18141,Тимошенко,Юрій,Володимирович,Комітет з питань запобігання і протидії корупції,Член Комітету,Фракція Політичної партії "НАРОДНИЙ ФРОНТ",Івано-Франківська область,88,ч,0  ,34 846 700  
8746,Гєллєр,Євгеній,Борисович,Комітет з питань бюджету,Член Комітету,Група "Партія "Відродження",Донецька область,50,Ч,171 413 690  ,34 498 000  
18152,Яриніч,Костянтин,Володимирович,'Комітет з питань охорони здоров''я',Член Комітету,Фракція ПАРТІЇ "БЛОК ПЕТРА ПОРОШЕНКА",Кіровоградська область,99,ч,5 231 800  ,34 063 000  
18086,Довгий,Олесь,Станіславович,Комітет з питань економічної політики,Член Комітету,Група "Воля народу",Кіровоградська область,102,ч,69 158 901  ,29 770 000  
15831,Федорук,Микола,Трохимович,'Комітет з питань державного будівництва, регіональної політики та місцевого самоврядування',Голова підкомітету,Фракція Політичної партії "НАРОДНИЙ ФРОНТ",Чернівецька область,201,Ч,2 131 454  ,29 179 400  
15807,Вознюк,Юрій,Володимирович,Комітет з питань податкової та митної політики,Заступник голови Комітету,Фракція Політичної партії "НАРОДНИЙ ФРОНТ",Рівненська область,153,ч,3 252 768  ,28 651 800  
18139,Сугоняко,Олександр,Леонідович,Комітет з питань транспорту,Член Комітету,Фракція ПАРТІЇ "БЛОК ПЕТРА ПОРОШЕНКА",Сумська область,158,ч,513 879  ,28 513 300  
15826,Бондар,Віктор,Васильович,Комітет з питань Регламенту та організації роботи Верховної Ради України,Член Комітету,Група "Партія "Відродження",Хмельницька область,191,ч,44 122 231  ,28 247 800  
16517,Мусій,Олег,Степанович,'Комітет з питань охорони здоров''я','Заступник голови Комітету, голова підкомітету Комітету',Позафракційні,Львівська область,124,ч,8 206 576  ,28 160 000  
18078,Гуляєв,Василь,Олександрович,'Комітет з питань державного будівництва, регіональної політики та місцевого самоврядування',Член Комітету,Група "Партія "Відродження",Одеська область,140,Ч,5 506 586  ,27 021 000  
3471,Біловол,Олександр,Миколайович,'Комітет з питань охорони здоров''я',Член Комітету,Група "Партія "Відродження",Харківська область,180,ч,10 803 859  ,26 769 059  
15769,Сольвар,Руслан,Миколайович,Комітет з питань транспорту,Член Комітету,Фракція ПАРТІЇ "БЛОК ПЕТРА ПОРОШЕНКА",Київська область,91,ч,0  ,26 462 000  
4339,Яценко,Антон,Володимирович,Комітет з питань законодавчого забезпечення правоохоронної діяльності,Голова підкомітету,Група "Партія "Відродження",Черкаська область,200,ч,5 547 254  ,26 070 000  
18120,Мацола,Роман,Миколайович,Комітет з питань законодавчого забезпечення правоохоронної діяльності,Член Комітету,Фракція ПАРТІЇ "БЛОК ПЕТРА ПОРОШЕНКА",Хмельницька область,190,ч,19 711 824  ,25 319 000  
18075,Горват,Роберт,Іванович,Комітет з питань податкової та митної політики,Член Комітету,Фракція ПАРТІЇ "БЛОК ПЕТРА ПОРОШЕНКА",Закарпатська область,68,ч,3 019 026  ,25 102 106  
15757,Балога,Павло,Іванович,Комітет з питань податкової та митної політики,Член Комітету,Позафракційні,Закарпатська область,71,ч,48 929 228  ,24 545 104  
18143,Урбанський,Олександр,Ігорович,Комітет з питань транспорту,Голова підкомітету,Фракція ПАРТІЇ "БЛОК ПЕТРА ПОРОШЕНКА",Одеська область,143,ч,23 817 255  ,21 726 044  
15817,Остапчук,Віктор,Миколайович,Комітет з питань транспорту,Член Комітету,Група "Партія "Відродження",Харківська область,177,ч,345 083  ,21 321 430  
18134,Соловей,Юрій,Ігорович,Комітет з питань економічної політики,Заступник голови Комітету,Фракція ПАРТІЇ "БЛОК ПЕТРА ПОРОШЕНКА",Івано-Франківська область,89,ч,10 470 853  ,21 071 400  
15727,Домбровський,Олександр,Георгійович,'Комітет з питань паливно-енергетичного комплексу, ядерної політики та ядерної безпеки',Перший заступник голови Комітету,Фракція ПАРТІЇ "БЛОК ПЕТРА ПОРОШЕНКА",Вінницька область,11,ч,14 127 258  ,20 880 300  
15816,Кацуба,Володимир,Михайлович,Комітет з питань економічної політики,Член Комітету,Група "Партія "Відродження",Харківська область,175,ч,23 096 109  ,20 216 900  
6130,Дехтярчук,Олександр,Володимирович,'Комітет з питань державного будівництва, регіональної політики та місцевого самоврядування',Голова підкомітету,Фракція ПАРТІЇ "БЛОК ПЕТРА ПОРОШЕНКА",Рівненська область,154,Ч,287 206  ,19 949 316  
15824,Лабазюк,Сергій,Петрович,Комітет з питань аграрної політики та земельних відносин,Член Комітету,Група "Воля народу",Хмельницька область,188,Ч,11 225 550  ,19 456 464  
12003,Медуниця,Олег,Вячеславович,Комітет з питань бюджету,Член Комітету,Фракція Політичної партії "НАРОДНИЙ ФРОНТ",Сумська область,157,Ч,0  ,19 391 300  
5549,Хомутиннік,Віталій,Юрійович,Комітет з питань податкової та митної політики,Член Комітету,Група "Партія "Відродження",Харківська область,171,ч,516 797 548  ,19 327 600  
15733,Івахів,Степан,Петрович,'Комітет з питань будівництва, містобудування і житлово-комунального господарства',Член Комітету,Група "Воля народу",Волинська область,21,Ч,106 185 415  ,19 046 694  
15799,Фурсін,Іван,Геннадійович,Комітет з питань фінансової політики і банківської діяльності,Голова підкомітету,Група "Воля народу",Одеська область,138,ч,183 153 379  ,18 989 144  
18112,Кучер,Микола,Іванович,Комітет з питань аграрної політики та земельних відносин,Член Комітету,Фракція ПАРТІЇ "БЛОК ПЕТРА ПОРОШЕНКА",Вінницька область,17,Ч,17 043 483  ,18 919 651  
15802,Бублик,Юрій,Васильович,'Комітет з питань державного будівництва, регіональної політики та місцевого самоврядування',Голова підкомітету,Позафракційні,Полтавська область,145,Ч,8 508 187  ,18 907 478  
2284,Деркач,Андрій,Леонідович,Комітет з питань бюджету,Член Комітету,Позафракційні,Сумська область,159,Ч,1 469 984  ,18 769 700  
18151,Яніцький,Василь,Петрович,Комітет з питань правової політики та правосуддя,Заступник голови Комітету,Фракція ПАРТІЇ "БЛОК ПЕТРА ПОРОШЕНКА",Рівненська область,155,ч,17 672 619  ,18 737 084  
18080,Демчак,Руслан,Євгенійович,Комітет з питань фінансової політики і банківської діяльності,Заступник голови Комітету,Фракція ПАРТІЇ "БЛОК ПЕТРА ПОРОШЕНКА",Вінницька область,18,ч,124 339 622  ,18 577 100  
5606,Гіршфельд,Анатолій,Мусійович,Комітет з питань промислової політики та підприємництва,Член Комітету,Група "Воля народу",Харківська область,179,ч,17 615 336  ,18 550 200  
18067,Вадатурський,Андрій,Олексійович,Комітет з питань аграрної політики та земельних відносин,Член Комітету,Фракція ПАРТІЇ "БЛОК ПЕТРА ПОРОШЕНКА",Миколаївська область,130,Ч,0  ,18 396 700  
9123,Рибак,Іван,Петрович,'Комітет з питань екологічної політики, природокористування та ліквідації наслідків Чорнобильської катастрофи',Голова підкомітету,Фракція ПАРТІЇ "БЛОК ПЕТРА ПОРОШЕНКА",Чернівецька область,202,ч,2 356 464  ,18 371 600  
18123,Нестеренко,Вадим,Григорович,Комітет з питань аграрної політики та земельних відносин,Член Комітету,Фракція ПАРТІЇ "БЛОК ПЕТРА ПОРОШЕНКА",Дніпропетровська область,38,Ч,205 709 379  ,18 136 000  
17568,Березенко,Сергій,Іванович,'Комітет з питань охорони здоров''я',Член Комітету,Фракція ПАРТІЇ "БЛОК ПЕТРА ПОРОШЕНКА",Чернігівська область,205,ч,5 886 578  ,18 016 000  
18109,Кузьменко,Анатолій,Іванович,Комітет з питань аграрної політики та земельних відносин,Член Комітету,Фракція ПАРТІЇ "БЛОК ПЕТРА ПОРОШЕНКА",Кіровоградська область,103,Ч,300 000  ,18 000 000  
18079,Давиденко,Валерій,Миколайович,Комітет з питань аграрної політики та земельних відносин,Член Комітету,Фракція ПАРТІЇ "БЛОК ПЕТРА ПОРОШЕНКА",Чернігівська область,208,Ч,66 258 801  ,17 990 731  
7741,Чекіта,Геннадій,Леонідович,Комітет з питань економічної політики,Голова підкомітету,Фракція ПАРТІЇ "БЛОК ПЕТРА ПОРОШЕНКА",Одеська область,134,ч,82 218 499  ,17 800 000  
16430,Рудик,Сергій,Ярославович,Комітет з питань бюджету,Член Комітету,Фракція ПАРТІЇ "БЛОК ПЕТРА ПОРОШЕНКА",Черкаська область,198,Ч,4 889 996  ,17 600 000  
5470,Литвин,Володимир,Михайлович,Комітет з питань науки і освіти,Член Комітету,Група "Воля народу",Житомирська область,65,ч,67 532 500  ,17 560 800  
18066,Бондар,Михайло,Леонтійович,'Комітет з питань паливно-енергетичного комплексу, ядерної політики та ядерної безпеки',Голова підкомітету,Фракція Політичної партії "НАРОДНИЙ ФРОНТ",Львівська область,119,ч,0  ,17 392 600  
15823,Негой,Федір,Федорович,Комітет з питань аграрної політики та земельних відносин,Член Комітету,Фракція ПАРТІЇ "БЛОК ПЕТРА ПОРОШЕНКА",Херсонська область,186,Ч,858 000  ,17 350 000  
18121,Мельничук,Іван,Іванович,Комітет з питань запобігання і протидії корупції,Член Комітету,Фракція ПАРТІЇ "БЛОК ПЕТРА ПОРОШЕНКА",Вінницька область,14,ч,4 090 496  ,17 317 700  
18082,Дзюблик,Павло,Володимирович,'Комітет з питань екологічної політики, природокористування та ліквідації наслідків Чорнобильської катастрофи',Голова підкомітету,Фракція Політичної партії "НАРОДНИЙ ФРОНТ",Житомирська область,66,ч,1 421 366  ,17 013 809  
18163,Македон,Юрій,Миколайович,Комітет з питань правової політики та правосуддя,Член Комітету,Фракція ПАРТІЇ "БЛОК ПЕТРА ПОРОШЕНКА",Вінницька область,16,ч,936 582  ,17 000 000  
18137,Спориш,Іван,Дмитрович,'Комітет з питань сім''ї, молодіжної політики, спорту та туризму',Голова підкомітету,Фракція ПАРТІЇ "БЛОК ПЕТРА ПОРОШЕНКА",Вінницька область,15,ч,100 000  ,17 000 000  
18090,Єфімов,Максим,Вікторович,Комітет з питань промислової політики та підприємництва,Перший заступник голови Комітету,Фракція ПАРТІЇ "БЛОК ПЕТРА ПОРОШЕНКА",Донецька область,48,ч,128 982 832  ,17 000 000  
2308,Развадовський,Віктор,Йосипович,Комітет з питань законодавчого забезпечення правоохоронної діяльності,Голова підкомітету,Група "Партія "Відродження",Житомирська область,67,ч,36 644 160  ,17 000 000  
8725,Богуслаєв,Вячеслав,Олександрович,Комітет з питань національної безпеки і оборони,Член Комітету,Група "Воля народу",Запорізька область,77,ч,781 168 749  ,17 000 000  
6201,Довбенко,Михайло,Володимирович,Комітет з питань фінансової політики і банківської діяльності,Перший заступник голови Комітету,Фракція ПАРТІЇ "БЛОК ПЕТРА ПОРОШЕНКА",Івано-Франківська область,84,ч,10 554 188  ,17 000 000  
8803,Курило,Віталій,Семенович,'Комітет з питань державного будівництва, регіональної політики та місцевого самоврядування',Заступник голови Комітету,Фракція ПАРТІЇ "БЛОК ПЕТРА ПОРОШЕНКА",Луганська область,113,Ч,5 819 302  ,17 000 000  
18094,Кіт,Андрій,Богданович,Комітет з питань аграрної політики та земельних відносин,Член Комітету,Фракція ПАРТІЇ "БЛОК ПЕТРА ПОРОШЕНКА",Львівська область,126,Ч,2 350 000  ,17 000 000  
5504,Третьяков,Олександр,Юрійович,'Комітет у справах ветеранів, учасників бойових дій, учасників антитерористичної операції та людей з інвалідністю',Голова Комітету,Фракція ПАРТІЇ "БЛОК ПЕТРА ПОРОШЕНКА",м. Київ,219,ч,204 324 383  ,17 000 000  
15803,Шаповалов,Юрій,Анатолійович,Комітет з питань транспорту,Секретар Комітету,Група "Партія "Відродження",Полтавська область,146,ч,47 549 123  ,17 000 000  
8238,Голуб,Владислав,Володимирович,Комітет з питань правової політики та правосуддя,Член Комітету,Позафракційні,Черкаська область,197,ч,3 765 650  ,17 000 000  
18126,Петренко,Олег,Миколайович,'Комітет з питань сім''ї, молодіжної політики, спорту та туризму','Заступник голови Комітету, голова підкомітету Комітету',Позафракційні,Черкаська область,194,ч,687 292  ,17 000 000  
15732,Мартиняк,Сергій,Васильович,Комітет з питань аграрної політики та земельних відносин,Член Комітету,Група "Воля народу",Волинська область,20,Ч,192 591 820  ,16 999 983  
15828,Мельниченко,Володимир,Володимирович,Комітет з питань правової політики та правосуддя,Член Комітету,Фракція ПАРТІЇ "БЛОК ПЕТРА ПОРОШЕНКА",Хмельницька область,193,ч,6 651 648  ,16 999 322  
18147,Хлань,Сергій,Володимирович,Комітет з питань аграрної політики та земельних відносин,Голова підкомітету,Фракція ПАРТІЇ "БЛОК ПЕТРА ПОРОШЕНКА",Херсонська область,185,Ч,14 462 281  ,16 995 251  
8827,Міщенко,Сергій,Григорович,Комітет з питань правової політики та правосуддя,Член Комітету,Позафракційні,Київська область,98,ч,20 279 359  ,16 992 609  
18069,Вінник,Іван,Юлійович,Комітет з питань національної безпеки і оборони,Секретар Комітету,Фракція ПАРТІЇ "БЛОК ПЕТРА ПОРОШЕНКА",Херсонська область,184,ч,0  ,16 989 262  
18114,Лапін,Ігор,Олександрович,Комітет з питань правової політики та правосуддя,Член Комітету,Фракція Політичної партії "НАРОДНИЙ ФРОНТ",Волинська область,22,ч,1 218 095  ,16 971 700  
18132,Романюк,Віктор,Миколайович,Комітет з питань фінансової політики і банківської діяльності,Голова підкомітету,Фракція Політичної партії "НАРОДНИЙ ФРОНТ",Київська область,94,ч,17 549 739  ,16 971 600  
18129,Река,Андрій,Олександрович,'Комітет з питань державного будівництва, регіональної політики та місцевого самоврядування',Голова підкомітету,Фракція Політичної партії "НАРОДНИЙ ФРОНТ",Полтавська область,149,Ч,1 191 000  ,16 971 400  
18108,Кришин,Олег,Юрійович,Комітет з питань податкової та митної політики,Секретар Комітету,Фракція Політичної партії "НАРОДНИЙ ФРОНТ",Дніпропетровська область,34,ч,20 477 506  ,16 960 869  
18070,Гаврилюк,Михайло,Віталійович,'Комітет у справах ветеранів, учасників бойових дій, учасників антитерористичної операції та людей з інвалідністю',Заступник голови Комітету,Фракція Політичної партії "НАРОДНИЙ ФРОНТ",Київська область,95,ч,0  ,16 954 200  
18084,Дмитренко,Олег,Миколайович,Комітет з питань аграрної політики та земельних відносин,Член Комітету,Фракція ПАРТІЇ "БЛОК ПЕТРА ПОРОШЕНКА",Чернігівська область,210,Ч,1 850 000  ,16 928 996  
18144,Усов,Костянтин,Глібович,'Комітет з питань інформатизації та зв''язку',Заступник голови Комітету,Фракція ПАРТІЇ "БЛОК ПЕТРА ПОРОШЕНКА",Дніпропетровська область,33,ч,3 395 220  ,16 911 820  
18142,Тіміш,Григорій,Іванович,Комітет з питань європейської інтеграції,Член Комітету,Фракція ПАРТІЇ "БЛОК ПЕТРА ПОРОШЕНКА",Чернівецька область,203,ч,707 371  ,16 910 000  
15761,Бандуров,Володимир,Володимирович,'Комітет з питань паливно-енергетичного комплексу, ядерної політики та ядерної безпеки',Голова підкомітету,Група "Воля народу",Запорізька область,79,ч,73 761 645  ,16 900 000  
11118,'Ар''єв',Володимир,Ігорович,Комітет у закордонних справах,Голова підкомітету,Фракція ПАРТІЇ "БЛОК ПЕТРА ПОРОШЕНКА",м. Київ,218,ч,4 945 782  ,16 894 400  
18116,Лубінець,Дмитро,Валерійович,Комітет з питань Регламенту та організації роботи Верховної Ради України,Секретар Комітету,Фракція ПАРТІЇ "БЛОК ПЕТРА ПОРОШЕНКА",Донецька область,60,ч,2 002 000  ,16 500 000  
15790,Дубневич,Ярослав,Васильович,Комітет з питань транспорту,Голова Комітету,Фракція ПАРТІЇ "БЛОК ПЕТРА ПОРОШЕНКА",Львівська область,120,ч,336 406 677  ,16 166 666  
18136,Співаковський,Олександр,Володимирович,Комітет з питань науки і освіти,Перший заступник голови Комітету,Фракція ПАРТІЇ "БЛОК ПЕТРА ПОРОШЕНКА",Херсонська область,182,ч,5 644 770  ,16 073 000  
8815,Лопушанський,Андрій,Ярославович,'Комітет з питань паливно-енергетичного комплексу, ядерної політики та ядерної безпеки',Голова підкомітету,Фракція ПАРТІЇ "БЛОК ПЕТРА ПОРОШЕНКА",Львівська область,125,ч,584 394  ,15 833 334  
15309,Кодола,Олександр,Михайлович,'Комітет з питань будівництва, містобудування і житлово-комунального господарства',Заступник голови Комітету,Фракція Політичної партії "НАРОДНИЙ ФРОНТ",Чернігівська область,209,Ч,2 393 943  ,15 714 169  
18148,Юрик,Тарас,Зіновійович,Комітет з питань податкової та митної політики,Член Комітету,Фракція ПАРТІЇ "БЛОК ПЕТРА ПОРОШЕНКА",Тернопільська область,165,ч,1 196 176  ,15 701 000  
18115,Лівік,Олександр,Петрович,'Комітет з питань паливно-енергетичного комплексу, ядерної політики та ядерної безпеки',Голова підкомітету,Фракція ПАРТІЇ "БЛОК ПЕТРА ПОРОШЕНКА",Миколаївська область,131,ч,1 429 177  ,15 500 000  
14674,Гузь,Ігор,Володимирович,Комітет у закордонних справах,Заступник голови Комітету,Фракція Політичної партії "НАРОДНИЙ ФРОНТ",Волинська область,19,ч,89 000  ,15 238 600  
15829,Бобов,Геннадій,Борисович,Комітет з питань аграрної політики та земельних відносин,Член Комітету,Група "Партія "Відродження",Черкаська область,196,Ч,210 484 015  ,15 202 220  
18107,Кривохатько,Вадим,Вікторович,Комітет з питань запобігання і протидії корупції,Член Комітету,Фракція ПАРТІЇ "БЛОК ПЕТРА ПОРОШЕНКА",Запорізька область,82,ч,240 000  ,15 025 000  
18062,Барна,Олег,Степанович,Комітет з питань запобігання і протидії корупції,Голова підкомітету,Фракція ПАРТІЇ "БЛОК ПЕТРА ПОРОШЕНКА",Тернопільська область,167,ч,1 592 060  ,14 981 000  
18097,Корнацький,Аркадій,Олексійович,Комітет з питань аграрної політики та земельних відносин,Голова підкомітету,Фракція ПАРТІЇ "БЛОК ПЕТРА ПОРОШЕНКА",Миколаївська область,132,Ч,56 003 039  ,14 900 000  
18087,Дубінін,Олександр,Іванович,Комітет з питань промислової політики та підприємництва,Голова підкомітету,Позафракційні,Дніпропетровська область,30,ч,20 691 846  ,14 300 000  
15830,Ничипоренко,Валентин,Миколайович,Комітет з питань податкової та митної політики,Член Комітету,Група "Партія "Відродження",Черкаська область,199,ч,11 284 079  ,14 293 580  
18074,Голубов,Дмитро,Іванович,Комітет з питань правової політики та правосуддя,Член Комітету,Фракція ПАРТІЇ "БЛОК ПЕТРА ПОРОШЕНКА",Одеська область,136,ч,138 625 090  ,14 000 000  
15801,Каплін,Сергій,Миколайович,'Комітет з питань соціальної політики, зайнятості та пенсійного забезпечення',Перший заступник голови Комітету,Фракція ПАРТІЇ "БЛОК ПЕТРА ПОРОШЕНКА",Полтавська область,144,ч,0  ,13 525 300  
11173,Богдан,Руслан,Дмитрович,'Комітет з питань паливно-енергетичного комплексу, ядерної політики та ядерної безпеки',Член Комітету,'Фракція політичної партії "Всеукраїнське об''єднання "Батьківщина"',Полтавська область,151,ч,157 163 742  ,13 496 582  
9776,Барвіненко,Віталій,Дмитрович,Комітет з питань законодавчого забезпечення правоохоронної діяльності,Член Комітету,Група "Партія "Відродження",Одеська область,141,ч,24 830 779  ,13 428 000  
2356,Матвієнков,Сергій,Анатолійович,Комітет з питань економічної політики,Член Комітету,Фракція Політичної партії "Опозиційний блок",Донецька область,57,ч,22 849 355  ,13 167 000  
11131,Петьовка,Василь,Васильович,Комітет з питань аграрної політики та земельних відносин,Член Комітету,Група "Воля народу",Закарпатська область,72,Ч,12 266 873  ,12 897 854  
18128,Порошенко,Олексій,Петрович,Комітет з питань податкової та митної політики,Член Комітету,Фракція ПАРТІЇ "БЛОК ПЕТРА ПОРОШЕНКА",Вінницька область,12,ч,22 993 503  ,12 802 000  
18135,Солод,Юрій,Васильович,Комітет з питань фінансової політики і банківської діяльності,Член Комітету,Фракція Політичної партії "Опозиційний блок",Донецька область,47,ч,40 086 503  ,12 800 000  
7371,Кіссе,Антон,Іванович,Комітет з питань правової політики та правосуддя,Член Комітету,Група "Партія "Відродження",Одеська область,142,ч,42 106 832  ,12 545 200  
5785,Шипко,Андрій,Федорович,'Комітет з питань охорони здоров''я',Член Комітету,Група "Партія "Відродження",Дніпропетровська область,35,ч,33 009 389  ,12 428 000  
18113,Лаврик,Микола,Іванович,Комітет з питань податкової та митної політики,Член Комітету,Фракція ПАРТІЇ "БЛОК ПЕТРА ПОРОШЕНКА",Сумська область,161,ч,5 150 000  ,12 377 600  
18150,Юрчишин,Петро,Васильович,Комітет з питань аграрної політики та земельних відносин,Голова підкомітету,Фракція ПАРТІЇ "БЛОК ПЕТРА ПОРОШЕНКА",Вінницька область,13,Ч,10 021 879  ,12 000 000  
18131,Розенблат,Борислав,Соломонович,Комітет з питань промислової політики та підприємництва,Заступник голови Комітету,Позафракційні,Житомирська область,62,ч,87 971 607  ,12 000 000  
18058,Арешонков,Володимир,Юрійович,Комітет з питань Регламенту та організації роботи Верховної Ради України,Заступник голови Комітету,Фракція ПАРТІЇ "БЛОК ПЕТРА ПОРОШЕНКА",Житомирська область,64,ч,599 858  ,12 000 000  
5582,Сабашук,Петро,Павлович,'Комітет з питань будівництва, містобудування і житлово-комунального господарства',Заступник голови Комітету,Фракція ПАРТІЇ "БЛОК ПЕТРА ПОРОШЕНКА",Запорізька область,74,Ч,16 393 386  ,12 000 000  
18059,Артюшенко,Ігор,Андрійович,Комітет з питань запобігання і протидії корупції,Член Комітету,Фракція ПАРТІЇ "БЛОК ПЕТРА ПОРОШЕНКА",Запорізька область,75,ч,382 022  ,12 000 000  
18119,Матківський,Богдан,Миронович,Комітет з питань економічної політики,Секретар Комітету,Позафракційні,Львівська область,121,ч,1 215 324  ,12 000 000  
4761,Ємець,Леонід,Олександрович,Комітет з питань правової політики та правосуддя,Перший заступник голови Комітету,Фракція Політичної партії "НАРОДНИЙ ФРОНТ",м. Київ,221,ч,3 013 418  ,12 000 000  
18095,Козир,Борис,Юрійович,Комітет з питань транспорту,Заступник голови Комітету,Фракція ПАРТІЇ "БЛОК ПЕТРА ПОРОШЕНКА",Миколаївська область,127,ч,25 067 952  ,12 000 000  
8473,Шинькович,Андрій,Васильович,'Комітет з питань будівництва, містобудування і житлово-комунального господарства',Заступник голови Комітету,Фракція ПАРТІЇ "БЛОК ПЕТРА ПОРОШЕНКА",Хмельницька область,189,Ч,6 264 542  ,12 000 000  
15771,Онищенко,Олександр,Романович,'Комітет з питань паливно-енергетичного комплексу, ядерної політики та ядерної безпеки',Заступник голови Комітету,Позафракційні,Київська область,93,ч,декларація відсутня,11 999 996  
15768,'Дерев''янко',Юрій,Богданович,Комітет з питань запобігання і протидії корупції,Голова підкомітету,Позафракційні,Івано-Франківська область,87,ч,416 272 386  ,11 340 000  
15794,Ільюк,Артем,Олександрович,Комітет з питань запобігання і протидії корупції,Член Комітету,Група "Партія "Відродження",Миколаївська область,128,ч,22 295 841  ,11 197 800  
18068,Валентиров,Сергій,Васильович,'Комітет з питань екологічної політики, природокористування та ліквідації наслідків Чорнобильської катастрофи',Член Комітету,Фракція ПАРТІЇ "БЛОК ПЕТРА ПОРОШЕНКА",Запорізька область,81,ч,3 025 406  ,10 276 000  
15804,Кулініч,Олег,Іванович,Комітет з питань аграрної політики та земельних відносин,Член Комітету,Група "Партія "Відродження",Полтавська область,147,Ч,18 293 811  ,10 247 400  
5399,Шкіря,Ігор,Миколайович,Комітет з питань транспорту,Член Комітету,Група "Партія "Відродження",Донецька область,52,ч,35 614 724  ,9 680 700  
18414,Ревега,Олександр,Васильович,'Комітет з питань будівництва, містобудування і житлово-комунального господарства',Член Комітету,Фракція ПАРТІЇ "БЛОК ПЕТРА ПОРОШЕНКА",Житомирська область,63,Ч,14 808 207  ,9 390 000  
15800,Пресман,Олександр,Семенович,Комітет з питань бюджету,Член Комітету,Група "Партія "Відродження",Одеська область,139,Ч,73 224 957  ,9 268 500  
14393,Березкін,Станіслав,Семенович,Комітет з питань економічної політики,Член Комітету,Група "Партія "Відродження",Кіровоградська область,100,ч,21 612 817  ,9 220 500  
5423,Клімов,Леонід,Михайлович,Комітет з питань фінансової політики і банківської діяльності,Член Комітету,Група "Партія "Відродження",Одеська область,137,ч,3 983 695  ,8 502 000  
18140,Тарута,Сергій,Олексійович,Комітет з питань культури і духовності,Голова підкомітету,Позафракційні,Донецька область,58,ч,175 172 460  ,8 433 000  
15655,Бурбак,Максим,Юрійович,'Комітет у справах ветеранів, учасників бойових дій, учасників антитерористичної операції та людей з інвалідністю',Перший заступник голови Комітету,Фракція Політичної партії "НАРОДНИЙ ФРОНТ",Чернівецька область,204,ч,8 296 129  ,8 236 300  
15756,Ланьо,Михайло,Іванович,Комітет з питань запобігання і протидії корупції,Член Комітету,Група "Партія "Відродження",Закарпатська область,70,ч,12 766 267  ,7 542 000  
18096,Константіновський,Вячеслав,Леонідович,Комітет з питань національної безпеки і оборони,Член Комітету,Позафракційні,м. Київ,220,ч,272 154 364  ,7 361 500  
20104,Шевченко,Віктор,Леонідович,Комітет з питань економічної політики,Член Комітету,Позафракційні,Івано-Франківська область,85,ч,8 959 774  ,7 054 176  
20103,Констанкевич,Ірина,Мирославівна,Комітет з питань науки і освіти,Член Комітету,Позафракційні,Волинська область,23,ж,750 000  ,6 562 400  
18063,Батенко,Тарас,Іванович,'Комітет з питань паливно-енергетичного комплексу, ядерної політики та ядерної безпеки',Голова підкомітету,Позафракційні,Львівська область,123,ч,920 000  ,6 478 246  
18146,Фролов,Микола,Олександрович,Комітет з питань податкової та митної політики,Заступник голови Комітету,Фракція ПАРТІЇ "БЛОК ПЕТРА ПОРОШЕНКА",Запорізька область,76,ч,939 397  ,6 000 000  
18161,Мельник,Сергій,Іванович,Комітет з питань бюджету,Заступник голови Комітету,Фракція ПАРТІЇ "БЛОК ПЕТРА ПОРОШЕНКА",Хмельницька область,187,Ч,396 000  ,5 820 000  
18127,Подоляк,Ірина,Ігорівна,Комітет з питань культури і духовності,Перший заступник голови Комітету,'Фракція Політичної партії "Об''єднання "САМОПОМІЧ"',Львівська область,116,ж,159 116  ,5 500 000  
8771,Зубик,Володимир,Володимирович,'Комітет з питань будівництва, містобудування і житлово-комунального господарства',Член Комітету,Група "Партія "Відродження",Черкаська область,195,Ч,3 710 485  ,5 148 000  
13646,Курячий,Максим,Павлович,Комітет з питань податкової та митної політики,Член Комітету,Фракція ПАРТІЇ "БЛОК ПЕТРА ПОРОШЕНКА",Дніпропетровська область,25,ч,3 991 631  ,5 000 000  
20105,Ричкова,Тетяна,Борисівна,Комітет з питань запобігання і протидії корупції,Член Комітету,Фракція ПАРТІЇ "БЛОК ПЕТРА ПОРОШЕНКА",Дніпропетровська область,27,ж,265 512  ,5 000 000  
18088,Дубневич,Богдан,Васильович,Комітет з питань бюджету,Голова підкомітету,Фракція ПАРТІЇ "БЛОК ПЕТРА ПОРОШЕНКА",Львівська область,118,Ч,452 862 908  ,5 000 000  
15257,Бухарєв,Владислав,Вікторович,Комітет з питань законодавчого забезпечення правоохоронної діяльності,Голова підкомітету,'Фракція політичної партії "Всеукраїнське об''єднання "Батьківщина"',Сумська область,162,ч,13 311 519  ,5 000 000  
15815,Денисенко,Анатолій,Петрович,Комітет з питань економічної політики,Голова підкомітету,Позафракційні,Харківська область,173,ч,86 096 267  ,5 000 000  
15818,Добкін,Дмитро,Маркович,Комітет з питань аграрної політики та земельних відносин,Член Комітету,Фракція Політичної партії "Опозиційний блок",Харківська область,178,Ч,18 722 600  ,4 502 085  
15773,Москаленко,Ярослав,Миколайович,'Комітет з питань екологічної політики, природокористування та ліквідації наслідків Чорнобильської катастрофи',Голова підкомітету,Група "Воля народу",Київська область,96,ч,51 493 661  ,4 103 380  
11728,Євтушок,Сергій,Миколайович,Комітет з питань транспорту,Член Комітету,'Фракція політичної партії "Всеукраїнське об''єднання "Батьківщина"',Рівненська область,156,ч,1 670 107  ,4 000 000  
20107,Микитась,Максим,Вікторович,Комітет з питань бюджету,Член Комітету,Позафракційні,Чернігівська область,206,Ч,274 141 179  ,3 882 000  
15762,Балицький,Євген,Віталійович,'Комітет з питань екологічної політики, природокористування та ліквідації наслідків Чорнобильської катастрофи',Голова підкомітету,Фракція Політичної партії "Опозиційний блок",Запорізька область,80,ч,47 165 780  ,3 799 000  
15741,Павлов,Костянтин,Юрійович,Комітет з питань бюджету,Голова підкомітету,Фракція Політичної партії "Опозиційний блок",Дніпропетровська область,31,Ч,3 719 959  ,3 600 000  
8832,Одарченко,Юрій,Віталійович,'Комітет з питань будівництва, містобудування і житлово-комунального господарства',Член Комітету,'Фракція політичної партії "Всеукраїнське об''єднання "Батьківщина"',Херсонська область,183,Ч,3 211 745  ,3 577 000  
18083,Дідич,Валентин,Володимирович,Комітет з питань аграрної політики та земельних відносин,Голова підкомітету,Позафракційні,Дніпропетровська область,40,Ч,2 899 827  ,3 400 846  
13562,Омельянович,Денис,Сергійович,Комітет з питань аграрної політики та земельних відносин,Член Комітету,Фракція Політичної партії "Опозиційний блок",Донецька область,49,Ч,29 058 660  ,3 000 000  
5500,Матвійчук,Едуард,Леонідович,'Комітет з питань державного будівництва, регіональної політики та місцевого самоврядування',Член Комітету,Позафракційні,Одеська область,133,Ч,12 197 772  ,3 000 000  
18089,Євлахов,Анатолій,Сергійович,Комітет з питань податкової та митної політики,Член Комітету,Фракція ПАРТІЇ "БЛОК ПЕТРА ПОРОШЕНКА",Чернігівська область,207,ч,44 623 355  ,2 937 000  
8885,Шенцев,Дмитро,Олексійович,Комітет з питань законодавчого забезпечення правоохоронної діяльності,Член Комітету,Фракція Політичної партії "Опозиційний блок",Харківська область,176,ч,46 412 218  ,2 110 549  
15819,Мураєв,Євгеній,Володимирович,Комітет з питань податкової та митної політики,Член Комітету,Позафракційні,Харківська область,181,ч,95 305 715  ,1 970 406  
11096,Шпенов,Дмитро,Юрійович,Комітет з питань правової політики та правосуддя,Голова підкомітету,Фракція Політичної партії "Опозиційний блок",Дніпропетровська область,37,ч,2 203 000  ,1 344 000  
15806,Осуховський,Олег,Іванович,Комітет з питань запобігання і протидії корупції,Голова підкомітету,Позафракційні,Рівненська область,152,ч,3 346 421  ,1 230 000  
18133,Сажко,Сергій,Миколайович,'Комітет з питань екологічної політики, природокористування та ліквідації наслідків Чорнобильської катастрофи',Голова підкомітету,Фракція Політичної партії "Опозиційний блок",Донецька область,59,ч,739 608  ,1 200 000  
18111,Купрій,Віталій,Миколайович,Комітет з питань законодавчого забезпечення правоохоронної діяльності,Заступник голови Комітету,Позафракційні,Дніпропетровська область,29,ч,256 940  ,520 000  
15744,Мартовицький,Артур,Володимирович,'Комітет з питань паливно-енергетичного комплексу, ядерної політики та ядерної безпеки',Член Комітету,Фракція Політичної партії "Опозиційний блок",Дніпропетровська область,36,ч,6 666 222  ,0  
18071,Гальченко,Андрій,Володимирович,'Комітет з питань будівництва, містобудування і житлово-комунального господарства',Член Комітету,Фракція Політичної партії "Опозиційний блок",Дніпропетровська область,32,Ч,5 817 698  ,0  
18081,Денисенко,Андрій,Сергійович,Комітет з питань правової політики та правосуддя,Член Комітету,Позафракційні,Дніпропетровська область,26,ч,5 050 000  ,0  
18110,Куліченко,Іван,Іванович,Комітет з питань бюджету,Голова підкомітету,Фракція ПАРТІЇ "БЛОК ПЕТРА ПОРОШЕНКА",Дніпропетровська область,28,Ч,1 552 566  ,0  
15734,Безбах,Яків,Якович,Комітет з питань законодавчого забезпечення правоохоронної діяльності,Член Комітету,Позафракційні,Дніпропетровська область,24,ч,171 275  ,0  
18153,Ярош,Дмитро,Анатолійович,Комітет з питань національної безпеки і оборони,Заступник голови Комітету,Позафракційні,Дніпропетровська область,39,ч,0  ,0  
8781,Клюєв,Сергій,Петрович,'Комітет з питань паливно-енергетичного комплексу, ядерної політики та ядерної безпеки',Член Комітету,Позафракційні,Донецька область,46,ч,декларація відсутня,0  
833,Звягільський,Юхим,Леонідович,'Комітет з питань паливно-енергетичного комплексу, ядерної політики та ядерної безпеки',Член Комітету,Фракція Політичної партії "Опозиційний блок",Донецька область,45,ч,125 474 371  ,0  
18122,Недава,Олег,Анатолійович,'Комітет з питань екологічної політики, природокористування та ліквідації наслідків Чорнобильської катастрофи',Заступник голови Комітету,Фракція ПАРТІЇ "БЛОК ПЕТРА ПОРОШЕНКА",Донецька область,53,ч,15 809 802  ,0  
18061,Балога,Іван,Іванович,'Комітет з питань державного будівництва, регіональної політики та місцевого самоврядування',Член Комітету,Позафракційні,Закарпатська область,73,Ч,48 697 382  ,0  
5566,Балога,Віктор,Іванович,Комітет з питань європейської інтеграції,Член Комітету,Позафракційні,Закарпатська область,69,ч,25 595 538  ,0  
15760,Пономарьов,Олександр,Сергійович,Комітет з питань транспорту,Голова підкомітету,Група "Воля народу",Запорізька область,78,ч,15 723 405  ,0  
18077,Гудзенко,Віталій,Іванович,Комітет з питань податкової та митної політики,Член Комітету,Фракція ПАРТІЇ "БЛОК ПЕТРА ПОРОШЕНКА",Київська область,92,ч,79 105 160  ,0  
18118,Марченко,Олександр,Олександрович,'Комітет з питань будівництва, містобудування і житлово-комунального господарства',Голова підкомітету,Позафракційні,Київська область,90,Ч,3 931 708  ,0  
5422,Поплавський,Михайло,Михайлович,Комітет з питань науки і освіти,Член Комітету,Група "Воля народу",Кіровоградська область,101,ч,30 070 794  ,0  
18060,Бакулін,Євген,Миколайович,'Комітет з питань сім''ї, молодіжної політики, спорту та туризму',Голова підкомітету,Фракція Політичної партії "Опозиційний блок",Луганська область,106,ч,46 726 022  ,0  
793,Іоффе,Юлій,Якович,'Комітет з питань паливно-енергетичного комплексу, ядерної політики та ядерної безпеки',Член Комітету,Фракція Політичної партії "Опозиційний блок",Луганська область,112,ч,25 837 294  ,0  
15780,Дунаєв,Сергій,Володимирович,Комітет з питань запобігання і протидії корупції,Член Комітету,Фракція Політичної партії "Опозиційний блок",Луганська область,107,ч,926 000  ,0  
20106,Шахов,Сергій,Володимирович,Комітет з питань Регламенту та організації роботи Верховної Ради України,Член Комітету,Група "Воля народу",Луганська область,114,ч,0  ,0  
18149,Юринець,Оксана,Василівна,Комітет з питань європейської інтеграції,Голова підкомітету,Фракція ПАРТІЇ "БЛОК ПЕТРА ПОРОШЕНКА",Львівська область,117,ж,2 458 577  ,0  
18085,Добродомов,Дмитро,Євгенович,Комітет з питань запобігання і протидії корупції,Секретар Комітету,Позафракційні,Львівська область,115,ч,1 372 346  ,0  
18124,Парасюк,Володимир,Зіновійович,Комітет з питань запобігання і протидії корупції,Член Комітету,Позафракційні,Львівська область,122,ч,8 853  ,0  
11097,Супруненко,Олександр,Іванович,Комітет з питань правової політики та правосуддя,Член Комітету,Позафракційні,м. Київ,216,ч,236 099 570  ,0  
15839,Андрієвський,Дмитро,Йосипович,'Комітет з питань будівництва, містобудування і житлово-комунального господарства',Перший заступник голови Комітету,Фракція ПАРТІЇ "БЛОК ПЕТРА ПОРОШЕНКА",м. Київ,222,Ч,31 015 027  ,0  
18064,Береза,Борислав,Юхимович,Комітет з питань запобігання і протидії корупції,Заступник голови Комітету,Позафракційні,м. Київ,213,ч,9 316 638  ,0  
18138,Сташук,Віталій,Филимонович,'Комітет з питань будівництва, містобудування і житлово-комунального господарства',Секретар Комітету,Фракція Політичної партії "НАРОДНИЙ ФРОНТ",м. Київ,212,Ч,1 754 302  ,0  
15836,Чумак,Віктор,Васильович,Комітет з питань запобігання і протидії корупції,Заступник голови Комітету,Позафракційні,м. Київ,214,ч,1 310 392  ,0  
15837,Іллєнко,Андрій,Юрійович,Комітет з питань правової політики та правосуддя,Член Комітету,Позафракційні,м. Київ,215,ч,738 693  ,0  
18130,Рибчинський,Євген,Юрійович,'Комітет у справах ветеранів, учасників бойових дій, учасників антитерористичної операції та людей з інвалідністю',Заступник голови Комітету,Група "Воля народу",м. Київ,211,ч,370 000  ,0  
16672,Левченко,Юрій,Володимирович,Комітет з питань бюджету,Голова підкомітету,Позафракційні,м. Київ,223,Ч,297 827  ,0  
18065,Білецький,Андрій,Євгенійович,Комітет з питань національної безпеки і оборони,Заступник голови Комітету,Позафракційні,м. Київ,217,ч,250 000  ,0  
18091,Жолобецький,Олександр,Олександрович,Комітет з питань фінансової політики і банківської діяльності,Голова підкомітету,Фракція ПАРТІЇ "БЛОК ПЕТРА ПОРОШЕНКА",Миколаївська область,129,ч,4 876 442  ,0  
2320,Ківалов,Сергій,Васильович,Комітет з питань правової політики та правосуддя,Член Комітету,Фракція Політичної партії "Опозиційний блок",Одеська область,135,ч,59 159 934  ,0  
18092,Іщейкін,Костянтин,Євгенович,Комітет з питань бюджету,Голова підкомітету,Фракція ПАРТІЇ "БЛОК ПЕТРА ПОРОШЕНКА",Полтавська область,148,Ч,16 629 657  ,0  
2301,Жеваго,Костянтин,Валентинович,Комітет з питань правової політики та правосуддя,Член Комітету,Позафракційні,Полтавська область,150,ч,3 118 081  ,0  
18125,Пастух,Тарас,Тимофійович,Комітет з питань національної безпеки і оборони,Голова підкомітету,'Фракція Політичної партії "Об''єднання "САМОПОМІЧ"',Тернопільська область,163,ч,2 986 335  ,0  
15813,Головко,Михайло,Йосифович,Комітет з питань податкової та митної політики,Член Комітету,Позафракційні,Тернопільська область,164,ч,1 240 534  ,0  
18117,Люшняк,Микола,Володимирович,Комітет з питань аграрної політики та земельних відносин,Член Комітету,Фракція ПАРТІЇ "БЛОК ПЕТРА ПОРОШЕНКА",Тернопільська область,166,Ч,969 336  ,0  
15814,Мисик,Володимир,Юрійович,Комітет з питань законодавчого забезпечення правоохоронної діяльності,Голова підкомітету,Група "Партія "Відродження",Харківська область,172,ч,76 585 797  ,0  
5542,Фельдман,Олександр,Борисович,'Комітет з питань прав людини, національних меншин і міжнаціональних відносин',Голова підкомітету,Група "Воля народу",Харківська область,174,ч,68 844 913  ,0  
5541,Святаш,Дмитро,Володимирович,Комітет з питань податкової та митної політики,Член Комітету,Група "Партія "Відродження",Харківська область,170,ч,54 873 978  ,0  
18093,Кірш,Олександр,Вікторович,Комітет з питань податкової та митної політики,Член Комітету,Фракція Політичної партії "НАРОДНИЙ ФРОНТ",Харківська область,169,ч,346 287  ,0  
15827,Герега,Олександр,Володимирович,Комітет з питань податкової та митної політики,Член Комітету,Позафракційні,Хмельницька область,192,ч,155 831 308  ,0  
